Square_Footage,Num_Bedrooms,Num_Bathrooms,Year_Built,Lot_Size,Garage_Size,Neighborhood_Quality,House Price,Cheap 0 Expensive 1
1360,2,1,1981,0.59963664,0,5,262382.85,0
4272,3,3,2016,4.753013849,1,6,985260.85,1
3592,1,2,2016,3.63482272,0,9,777977.39,1
966,1,2,1977,2.730666876,1,8,229698.92,0
4926,2,1,1993,4.699072555,0,8,1041740.86,1
3944,5,3,1990,2.475930044,2,8,879796.98,1
3671,1,2,2012,4.911960066,0,1,814427.86,1
3419,1,1,1972,2.805281408,1,1,703413.11,1
630,3,3,1997,1.014285965,1,8,173875.04,0
2185,4,2,1981,3.941604376,2,5,504176.51,0
1269,2,2,2006,3.555039763,1,9,335332.59,0
2891,2,3,1982,3.978440246,0,2,635097.4,1
2933,5,3,1973,4.781489129,2,9,701133.8,1
1684,5,3,1988,3.994201862,1,8,440726.28,0
3885,2,3,1983,3.25101471,1,9,838719.43,1
4617,5,1,2005,4.357890061,0,4,1019192.66,1
3404,3,3,1977,3.529608977,0,1,735850.81,1
974,2,2,1986,2.336535756,2,1,234261.65,0
1582,5,2,1956,4.485288939,1,5,396246.36,0
3058,2,1,2017,1.498552074,0,2,672852.05,1
2547,4,2,1986,3.715885737,2,8,586086.57,0
3247,1,2,2005,4.467035547,1,10,740174.01,1
1475,2,3,2014,3.790924339,1,5,370167.09,0
2306,1,2,2014,3.637739386,2,5,530824.2,0
689,5,1,1996,3.886872323,2,2,227515.3,0
3234,1,3,1969,2.592748617,0,7,652166.14,1
3505,2,3,1968,4.43376807,1,8,745670.64,1
2399,4,1,1978,1.415464138,1,10,513161.95,0
1767,5,3,2009,1.073238872,1,1,432357.91,0
2028,2,3,1967,1.784789511,2,2,434165.9,0
3702,5,1,1984,2.892098285,0,10,809686.2,1
4056,3,3,1992,2.797528079,1,4,883819.09,1
4390,1,1,1960,4.19269441,2,5,912468.05,1
1146,3,1,1998,2.320558954,1,2,281313.06,0
3388,2,2,1987,2.679549918,0,1,705923.31,1
2935,4,2,2013,0.560154575,1,9,656980.46,1
1100,5,3,2018,2.343826564,0,1,318266.28,0
2863,1,3,1957,3.414984048,0,4,582468.8,0
2561,5,1,1983,0.569787488,1,2,541967.63,0
741,2,3,1997,1.763968843,1,4,188531.42,0
2541,5,1,2005,1.435803617,0,8,565562.75,0
3324,1,1,2014,0.68893443,2,8,697574.56,1
3112,2,3,1980,2.656670405,0,9,666733.47,1
1863,5,1,1953,1.31775482,1,5,376388.02,0
1978,4,2,1999,3.843866928,1,7,485380.95,0
3056,2,3,2018,4.315675477,2,3,735678.46,1
1275,2,2,1979,2.955133322,0,10,296291,0
4514,4,3,2008,4.917683041,0,4,1046315.9,1
534,3,1,2016,2.527153572,0,10,187508.59,0
3652,1,3,1994,2.810156946,1,9,793995.28,1
2455,3,2,1953,4.951479893,0,10,527393.51,0
2085,5,1,1975,1.541967962,2,10,467768.12,0
4443,4,3,1976,4.741456729,1,1,981190.78,1
3573,3,3,1995,0.692768998,1,2,750481.72,1
1521,2,3,2013,2.508741006,0,5,377511.27,0
3961,5,2,2000,0.815015805,2,3,866877.35,1
3113,5,2,1999,3.781556343,1,2,731331.66,1
4343,3,3,1955,3.237840211,1,1,899382.87,1
2000,3,1,2008,3.679854186,0,10,485622.4,0
661,4,1,1964,2.1851618,0,3,147601.55,0
4797,1,2,1979,2.162668703,2,1,986006.86,1
2481,3,1,1991,0.703936755,0,1,509725.55,0
1495,3,2,1986,2.074752228,2,1,346932.62,0
3842,2,3,1991,4.68179781,1,8,863289.4,1
4298,5,2,1984,2.206519417,2,3,919295.85,1
1775,1,2,1955,4.241154678,2,1,406069.27,0
1516,2,3,2017,4.290464771,2,7,397346.11,0
837,4,1,1967,2.179585204,1,10,191117.1,0
1378,4,2,2022,3.343949062,0,3,384461.35,0
1576,3,2,1978,0.92917221,1,8,340980.72,0
4493,3,3,2008,0.966553613,0,4,951093.55,1
879,4,1,1996,0.718959486,2,4,217010.49,0
992,3,2,1966,3.11456792,2,5,248224.02,0
2562,1,3,1971,2.417319399,2,6,538349.1,0
4384,3,2,2017,2.966145605,2,7,985224,1
564,5,3,2018,2.844829357,2,4,242865.93,0
3068,3,1,1986,2.07591346,0,8,654466.95,1
2527,2,1,1998,3.548630367,0,6,551967.89,0
3195,1,1,1962,3.913258464,2,1,663904.99,1
1995,2,1,1983,0.565827165,1,1,397482.75,0
891,2,2,2002,1.432590349,1,9,209632.84,0
4974,5,2,2000,3.709561406,2,10,1107045.06,1
4061,1,1,1952,2.239790777,0,6,787420.4,1
2778,1,1,1991,3.481177761,1,10,605371.7,0
3599,1,1,1981,2.061331969,1,8,721018.06,1
700,1,2,2000,2.258398185,1,7,199066.38,0
3604,1,1,1995,1.214054932,2,6,730047.5,1
2954,5,1,1970,1.662039588,1,4,627923.62,1
4145,3,1,1993,3.224352909,1,7,898283.89,1
1304,2,3,1960,2.449234001,1,9,277832.11,0
3231,1,1,2017,3.984362073,1,10,731490.12,1
3273,3,3,1950,4.336632297,0,10,688357.65,1
2070,3,3,2012,2.937408882,2,7,525582.31,0
3190,2,1,1973,3.912202814,2,1,684824.53,1
4340,5,3,1962,1.881070309,0,10,903251.94,1
1528,4,1,1960,2.367370469,0,9,323118.74,0
1002,4,2,2000,3.707499543,2,4,307101.69,0
4993,3,2,1966,2.237953968,1,3,1020324.76,1
1370,2,2,1973,3.148272208,1,4,304730.51,0
4988,4,2,1968,1.334177506,2,4,1026397.3,1
706,3,3,1986,3.198970917,1,10,199414.94,0
1984,5,1,1957,4.376811683,0,2,472657.61,0
1363,4,1,1977,4.408878379,1,1,340069.23,0
3290,3,1,1954,3.759549828,1,10,696709.42,1
1063,3,2,1966,3.855890206,1,1,266533.05,0
4691,1,2,1985,3.010673503,2,8,971514.76,1
2257,5,1,1968,3.131006406,0,2,501305.55,0
2178,1,2,2013,1.101427616,1,10,480961.44,0
3742,2,1,1960,2.497366348,2,5,758977.88,1
1559,1,1,2003,2.528493277,1,4,364658.53,0
2222,1,1,1994,4.813240261,0,8,515813.76,0
3814,4,1,1996,2.439890882,1,2,834587.51,1
3657,3,1,1961,2.972041902,0,10,747384.06,1
3125,5,1,1970,2.899631297,1,9,667696.04,1
3229,1,1,1960,3.365427727,0,7,645145.54,1
2097,5,2,1954,3.867047741,1,7,481368.13,0
3560,1,1,2005,1.512688443,0,1,740148.19,1
3193,2,1,1969,2.879259886,1,2,639073.18,1
4127,1,2,1990,4.216629683,1,4,886568.31,1
1863,4,2,1995,2.584016212,2,4,450941.14,0
2481,3,2,1961,1.753058959,2,3,513720.44,0
2163,2,1,2019,3.446190839,0,7,521205.6,0
2029,1,3,1966,4.206953281,1,8,455122.1,0
2538,5,3,1968,0.784131318,0,2,551463.89,0
3802,2,2,1975,3.995557175,2,4,816173.75,1
2737,2,3,1997,4.197415698,0,3,637736.01,1
1806,1,2,2001,2.576853174,0,2,420203.46,0
4529,2,1,2019,4.924875456,2,6,1026790.07,1
3175,5,3,2004,4.040187533,1,4,744681.4,1
1782,2,1,1982,3.981481542,0,6,400585.46,0
1209,5,3,2011,3.865273585,2,2,368327.46,0
4913,1,1,1972,1.177736464,1,4,977158.59,1
4248,3,3,1964,1.477538989,2,6,883626.62,1
1163,2,1,1976,2.587955592,0,5,244030.41,0
2498,3,1,2013,1.688019575,1,3,558598.68,0
3945,5,3,2000,2.368584376,1,8,860329.49,1
4243,2,1,2002,4.498088495,2,7,947490.78,1
1995,4,1,2000,4.209471013,2,3,492018.32,0
3804,3,1,1996,3.335179453,2,6,832386.33,1
4263,2,3,1953,4.361541774,1,4,893926.63,1
2353,3,3,1956,4.026975751,1,5,534464.91,0
1791,2,1,1984,2.430432193,0,5,355281.42,0
4081,1,1,1997,1.404793184,1,7,834105.79,1
3957,3,3,2022,2.81390468,0,5,885550.38,1
2136,4,3,2021,3.813029971,2,3,551859.09,0
4196,4,1,1994,2.463888194,2,10,922420.59,1
3499,5,1,2021,3.500473594,1,5,804433.81,1
3652,2,1,1968,0.924473418,2,7,734985.06,1
1198,3,2,2012,3.866021314,2,5,346152.85,0
2660,5,3,1987,4.15721129,1,5,649973.36,1
4597,3,2,2016,3.680770351,0,9,1006939.66,1
1354,2,3,2008,4.852686144,1,3,370260.6,0
3974,4,3,2018,4.219934259,0,6,928059.71,1
2207,1,3,1962,4.563921775,1,1,492112.04,0
3277,4,3,1996,4.701069876,1,10,752466.67,1
2233,5,3,2010,4.106065963,2,5,573797.94,0
4010,1,3,1980,3.534164789,1,8,854876.3,1
702,5,3,1971,0.525733616,1,5,183663.65,0
3755,2,2,1992,2.59621589,0,9,788150.93,1
4718,1,1,2016,3.070230344,2,6,981510.9,1
4996,5,1,2003,1.868136226,0,8,1070454.28,1
1266,2,2,1959,1.931470011,0,10,241968.84,0
4889,4,2,1991,4.825217371,2,8,1064004.87,1
2827,2,2,2013,4.512698893,2,3,640767.22,1
3431,3,2,1970,4.321305525,2,7,762159.39,1
697,2,3,2015,2.327053108,1,7,216591.97,0
2430,2,1,1990,0.561643477,2,10,497168.09,0
4082,3,3,1973,0.861000109,2,6,857205.25,1
1108,5,1,1984,1.904883657,2,7,285546.5,0
3772,5,1,2005,0.570843108,0,2,819125.65,1
1647,2,2,1979,0.577174019,0,9,316130.26,0
4782,3,3,2006,4.624714857,1,10,1067425.22,1
3897,3,2,1996,3.67771326,0,10,837398.57,1
3011,4,3,1984,1.890301955,1,1,658260.71,1
2294,5,1,1968,1.096900599,0,1,475767.35,0
1159,1,2,1957,2.802360731,2,3,250101.55,0
3311,5,2,1975,0.524057724,0,3,688516.5,1
1869,5,1,2020,4.722861847,1,1,510877,0
2486,4,1,1979,2.366668037,0,7,543734.42,0
646,1,1,1956,2.310507299,2,4,146406.9,0
3719,4,2,2016,2.257671234,1,10,828512.1,1
3411,1,3,2014,0.811977487,2,2,719969.44,1
2234,2,2,1985,3.372450079,2,10,507847.59,0
2343,1,3,1974,3.798516288,1,5,507554.94,0
988,4,2,1986,3.542564289,2,6,294558.07,0
3476,5,2,1950,1.12295972,2,9,712212.22,1
2459,1,1,1964,3.104780756,0,4,491715.95,0
2885,1,3,1986,3.062680179,2,2,625227.05,1
3419,3,2,1962,4.407848546,2,5,752101.9,1
2302,5,2,1957,2.206074463,2,3,501913.65,0
4561,2,1,1954,2.171686746,2,2,907358.63,1
3869,4,1,2009,3.283371764,1,1,878704.1,1
762,2,3,2022,3.348826941,0,10,237070.71,0
1123,5,2,1950,2.611783523,2,2,267132.41,0
1516,1,3,1985,2.49376713,2,6,353129.57,0
4143,1,2,1984,2.723664518,1,8,845141.62,1
2549,5,3,2015,4.374703848,2,3,656223.16,1
4223,1,1,2012,2.575251056,1,9,884677.69,1
3608,1,2,1972,4.729693064,0,9,775773.22,1
4590,1,3,1958,2.768016936,0,2,918893.74,1
2556,4,1,1983,4.771403119,2,8,607698.74,0
3670,4,1,1995,4.247743558,2,10,838774.48,1
2182,3,3,1953,2.130940952,2,5,470978.48,0
2755,2,2,1979,4.386386396,1,4,616308.96,0
1654,5,2,2021,0.995284779,2,10,417416.26,0
4999,5,1,1952,4.662712289,2,5,1060976.49,1
3691,5,2,1963,3.342395818,0,4,809046.28,1
2196,3,2,2009,0.744758368,2,8,485376.42,0
4491,4,2,1994,3.399155256,0,4,965816.67,1
2148,3,1,1983,4.884114444,2,10,517515.41,0
1945,5,3,1994,0.814102946,0,6,438250.18,0
4699,2,2,2010,2.996094694,2,2,1008240.79,1
4423,1,1,1965,3.865074574,0,5,888140.08,1
753,4,1,2015,4.14616364,1,6,252963.36,0
3683,4,3,1989,2.362223594,0,5,801206.2,1
3057,3,2,1966,1.418749516,0,2,624112.16,1
598,4,2,1983,0.690540254,0,7,155471.17,0
2700,5,3,1965,3.108767707,2,4,617900.49,0
3461,5,3,2009,2.538099816,2,8,798362.78,1
4933,3,1,2015,4.769349778,2,7,1096158.29,1
4277,5,1,2015,0.772722085,1,7,927092.41,1
3369,2,3,1962,3.584279046,1,9,728289.89,1
3734,3,2,2005,0.612348,0,1,785248.36,1
4291,2,1,1980,1.271453795,1,10,862580.5,1
1456,1,1,1983,2.5411055,0,6,297387.92,0
4567,2,2,1988,2.546925993,0,6,938151.84,1
660,1,1,2016,3.585652443,0,6,203447.48,0
4993,1,2,1957,4.595958657,1,6,1038319.17,1
1800,2,2,2004,3.375644715,2,10,443408.31,0
4487,3,2,1976,4.79090794,1,7,971977.02,1
2027,5,3,2002,4.467270379,0,10,539478.4,0
1718,5,3,1988,3.13024908,0,6,424712.55,0
4996,1,3,2014,4.252063779,1,1,1102533.65,1
3604,1,2,1966,3.391599246,0,3,740286.56,1
3235,3,2,1979,0.853510239,0,2,655719.15,1
1454,4,3,2002,3.832541255,1,6,402213.42,0
3946,2,1,1962,0.927087986,1,8,779202.68,1
1545,1,2,1970,3.173372513,1,3,338170.32,0
2193,5,1,1968,3.661880926,0,10,497341,0
3936,3,1,2002,0.799374237,0,8,815811.68,1
1062,2,2,1968,1.538575943,2,8,250362.36,0
2985,3,2,2006,4.620525045,2,5,717150.44,1
3854,2,1,1974,3.273415215,1,8,811129.5,1
725,2,1,1980,1.608287085,2,6,165242.3,0
1459,1,3,2004,3.60805897,0,5,370992.46,0
3567,3,3,1972,3.18549389,2,9,779362.36,1
1315,3,2,1981,2.75709065,0,7,308618.41,0
3620,5,3,2011,4.892841387,1,8,861356.98,1
516,5,3,1959,3.575541998,1,1,171023.96,0
1743,1,3,2021,2.189484994,0,2,381738.02,0
2705,1,3,2003,4.100330444,2,8,628610.97,1
3024,4,1,2001,4.480624818,1,9,698124.61,1
1569,5,2,1969,1.063492518,1,4,362679.09,0
3944,2,3,1981,1.4024884,2,10,822030.77,1
3065,3,1,1963,1.473021541,2,10,611205.69,0
1560,1,1,1999,3.610453142,0,9,359658,0
2827,3,1,1977,3.213677998,2,4,605143.96,0
3920,3,3,2002,3.285462041,2,10,881016,1
801,4,3,1973,4.733479849,2,10,258111.67,0
4776,5,2,1971,3.991601898,0,10,1038652.42,1
1106,1,3,1979,1.07571616,0,9,219426.92,0
3670,3,3,2012,2.063781871,1,7,813296.81,1
1199,1,1,1953,2.459271408,0,2,211038.85,0
1639,2,2,2008,2.281827149,1,9,395042.36,0
690,4,3,1957,3.511888741,2,4,203867.04,0
2800,2,3,1961,4.513518965,1,8,619660.83,1
1480,1,1,1980,1.877231586,1,7,304174.66,0
3475,1,1,1983,2.983447114,2,7,731899.44,1
1684,5,3,1998,4.052342399,1,8,467628.53,0
3827,3,2,2006,2.372981265,0,1,827143.78,1
3894,3,2,1975,1.256531578,0,5,797034.43,1
627,2,1,1967,2.637279344,0,2,126097.93,0
2565,4,1,1987,0.748501343,0,2,527544.91,0
2316,3,3,1999,4.740725543,1,1,570289.02,0
1069,5,1,1957,0.836695423,1,5,234389.77,0
2395,2,3,1990,2.473055219,2,2,534533.02,0
3233,2,2,1955,2.884465675,1,4,660507.82,1
4363,5,2,2018,4.933867245,1,3,1008539.16,1
4514,4,3,1993,1.247098206,1,3,955158.91,1
3401,5,1,2013,1.014941834,2,2,756373.84,1
2186,4,2,1978,0.539177662,0,6,441315.09,0
3509,5,1,1977,1.200071466,1,2,749610.47,1
654,5,2,1960,1.432728406,2,8,158636.7,0
3037,1,3,2014,3.337614237,2,8,699683.25,1
1909,2,3,1968,1.488680557,2,5,390430.22,0
4557,5,3,1958,0.592343666,0,10,935973.56,1
1284,5,2,1976,4.219782555,1,7,350816.18,0
3675,3,1,1983,2.145180655,2,4,779019.73,1
4841,2,1,1993,2.09163509,0,1,987630.24,1
3306,3,1,2017,1.861155631,2,2,733612.82,1
1037,2,2,1964,4.889179747,2,10,255907.13,0
2341,3,2,2000,1.265519378,2,10,517655.16,0
2955,5,2,1962,4.542071288,2,4,684425.2,1
1024,5,2,1998,3.995614995,2,1,323701.24,0
3450,1,2,2019,0.8441598,0,8,724814.23,1
4631,3,1,2005,4.940280957,1,9,1015556.15,1
4615,4,2,2000,1.721146836,1,4,993273.08,1
2868,1,2,1986,0.943623172,1,10,581948.16,0
4347,3,1,1966,4.231914054,1,3,895675.55,1
4995,3,2,2007,3.680039902,0,2,1092026.9,1
3201,1,1,1978,3.277484626,0,5,662119.94,1
1471,5,1,1982,1.201913887,0,3,341253.22,0
1666,3,3,2009,2.653232523,2,10,412045.78,0
3274,5,3,2004,4.012502121,2,7,748220.49,1
2482,1,3,1959,1.866307722,2,6,507185.45,0
1353,5,3,1996,1.902604228,1,1,354054.7,0
4646,2,2,1972,0.514134077,2,8,915005.29,1
4236,4,3,1970,1.284095307,1,2,872676.43,1
4269,3,1,1962,4.439325313,2,5,934942.06,1
1074,4,2,1982,2.487859212,1,9,269061.78,0
3761,5,3,1973,4.929055247,2,8,867445.42,1
1648,3,1,1960,2.280685836,2,2,342303.69,0
2215,5,2,1966,3.718339047,0,9,486872.06,0
4354,2,2,2017,1.768635693,2,5,935626.95,1
2991,1,3,1996,2.137143385,2,10,644601.11,1
3160,3,2,1974,1.358266944,0,6,645375.22,1
3624,2,1,2022,2.061780658,1,3,786580.3,1
3551,2,2,1970,2.962568842,0,3,740281.22,1
504,3,1,1961,4.962977964,0,10,149743.5,0
1376,5,2,1986,3.488907709,1,8,348893.55,0
1491,2,3,1991,1.396606795,2,10,346010.95,0
4642,4,1,1966,0.702326487,1,10,915441.18,1
4864,2,2,1997,1.068604166,2,2,988325.49,1
4965,5,2,1977,3.031498406,2,2,1075864.28,1
1135,5,2,1990,3.94322148,1,5,329218.52,0
2193,4,1,1996,4.731886433,0,6,530004.34,0
2182,2,1,1967,0.571204274,1,2,408013.58,0
619,5,1,2020,2.852420637,2,5,224507.2,0
1330,3,3,1962,2.618903103,1,7,300656.08,0
4175,1,3,1962,3.452247599,1,10,848824.77,1
1869,1,1,1980,3.018104845,2,10,396681.29,0
1240,1,2,1951,3.591676178,0,8,262398.45,0
616,2,3,1965,3.461371631,1,7,180393.63,0
3338,4,1,1958,1.026552762,2,8,671803.94,1
1650,5,2,2022,4.098730611,2,9,474045.84,0
2431,3,3,1987,1.054546591,1,5,505877.6,0
1512,3,2,2003,3.643387813,0,5,389645.33,0
2164,2,2,2005,2.372654154,1,10,483350.33,0
1581,1,2,1994,2.812328306,0,4,358458.38,0
1012,2,2,1983,4.564841065,0,9,264395.09,0
3349,4,3,1958,4.504476769,0,5,749571.29,1
1059,4,3,1957,4.180353375,0,2,263760.94,0
4172,5,3,1956,2.795667712,1,10,894611.08,1
3843,5,1,1985,3.813079146,2,8,853001.11,1
4570,4,3,1967,2.80803675,2,7,972537.5,1
1970,4,2,1952,4.413227371,2,8,453359.87,0
1080,4,3,1977,2.31249125,2,3,270230.64,0
2794,2,2,2019,4.86605905,2,4,673649.9,1
3647,4,1,1993,4.695452412,2,5,827205.3,1
4749,3,2,1970,3.837211788,1,6,1007770.58,1
2179,1,2,1977,1.757371479,0,1,443005.62,0
4006,4,2,2003,1.09244115,2,4,871566.56,1
3244,1,1,2003,4.346165525,1,10,726227.57,1
3856,2,3,2014,1.243860288,2,5,824351.67,1
4545,1,3,1970,4.34417355,2,7,973850.33,1
1743,2,1,1962,2.70844253,0,5,344363.27,0
3618,3,2,2006,2.329505527,0,1,793421.14,1
2641,2,3,1998,4.564358505,0,7,621862.77,1
3559,2,1,2003,3.217329421,2,8,758946.77,1
3459,5,3,1959,3.094763032,2,7,759151.24,1
2765,4,1,2002,3.014446751,2,4,630531.74,1
2979,4,2,1993,2.170262822,0,8,646766.29,1
2135,3,3,1996,4.035393966,1,5,533039.43,0
2257,3,1,2002,1.637592998,2,10,496427.1,0
4952,4,3,1995,4.72502732,2,9,1099211.64,1
2570,5,3,1962,4.522933423,2,10,605600.95,0
3349,4,3,1986,2.018661466,1,5,738935.82,1
3751,5,3,1973,3.782586964,2,1,839522.32,1
4230,3,1,1951,3.079504375,1,9,874856.27,1
2989,1,2,1963,2.019421859,2,5,609401.08,0
2131,3,1,1959,4.948347416,1,6,457643.1,0
3316,3,1,1984,0.613568056,2,4,676108.85,1
1515,2,1,1974,1.636907138,0,6,300935.19,0
1848,2,2,1952,2.840333275,0,8,381998.61,0
3587,2,3,1966,2.848788516,0,3,720883.66,1
3339,2,3,1961,3.150198837,0,5,722543.08,1
835,5,3,2003,3.882542774,2,2,294548.4,0
1395,4,2,1973,3.305650237,0,2,336073.52,0
4046,1,3,1978,3.201266572,1,7,863034.68,1
1351,3,2,1992,0.740815083,0,10,319748.77,0
2187,5,3,1974,2.194386295,0,10,504023.26,0
2431,1,3,2009,1.544250829,0,10,538851.89,0
4246,5,1,2014,1.694165502,2,6,934919.38,1
2927,5,2,1977,2.994518635,0,4,648902.52,1
2068,3,1,1965,1.397773917,1,5,414808.65,0
4500,4,1,1996,1.822770955,0,1,940080.44,1
3238,2,1,2007,1.566881188,0,7,676233.08,1
3998,4,2,1976,4.768263244,0,8,866618.39,1
4413,3,2,2002,4.750995795,1,9,983106.22,1
1566,3,3,1991,3.244737014,0,8,367024.38,0
4880,3,1,2008,4.660351109,1,5,1075814.43,1
2944,1,3,1996,4.036156905,1,3,660979.05,1
4607,4,1,1983,3.154765473,0,10,978190.84,1
3873,4,2,1986,0.528958452,1,9,801313.06,1
4469,5,2,1955,3.976323287,2,6,992213.45,1
3046,5,2,1956,3.661197537,0,5,676719.12,1
1253,5,1,1974,3.26864144,0,3,296184.2,0
2582,3,2,1982,3.921909403,1,6,587557.32,0
3274,4,1,2004,2.808149741,1,3,724842.18,1
3396,3,3,2007,3.668374721,0,10,762080.82,1
4685,1,1,1956,4.70827439,2,6,955223.4,1
1275,5,3,2006,2.191122571,1,4,354189.01,0
2125,3,1,1961,3.686548257,1,2,454484.42,0
3569,3,3,1965,2.640595181,2,8,769087.19,1
917,1,2,1992,3.534798433,2,4,251359.8,0
614,2,3,1956,3.93302001,0,9,172534.44,0
1116,4,2,2000,0.704536252,2,7,268244.18,0
4474,2,2,2022,3.409701998,0,2,985699.19,1
3767,5,3,1981,1.52033533,2,4,824529.57,1
1325,3,1,1957,3.51514642,1,5,289985.41,0
2016,1,1,2021,2.607485837,0,3,450594.57,0
3646,1,1,1994,3.980987338,0,9,794010.02,1
912,4,1,2008,1.055303668,0,5,233504.51,0
1228,2,1,1953,3.318450582,2,2,269736.44,0
3848,4,2,2016,1.75311828,1,3,841676.01,1
3308,3,1,1978,4.338418979,0,9,707483.44,1
1175,4,2,1978,4.677725775,0,7,310471.39,0
3965,1,2,1977,4.983792322,0,2,846516.67,1
3004,1,2,1993,4.082033311,0,9,647388.3,1
3467,5,3,1953,3.891803317,1,4,760678.6,1
3286,5,3,1958,1.469753415,2,9,681361.25,1
1622,3,2,1954,2.012031765,1,2,325380,0
4579,2,3,2005,2.595571438,0,10,987442.68,1
2071,4,1,1999,3.980214715,1,4,508941.13,0
2643,3,1,1964,4.617346393,0,5,572941.43,0
2187,5,2,1981,1.35112595,2,2,481489.25,0
4632,4,1,1977,4.650653681,2,10,997885.77,1
4351,5,2,1971,3.630310936,2,1,944921.98,1
3940,4,2,1966,3.248468288,0,7,842172.21,1
4266,2,1,2008,1.399285721,1,10,901471.74,1
2826,3,3,2020,0.749862648,2,1,632482.62,1
3414,4,1,2006,3.058092043,0,8,748136.46,1
4452,1,1,1975,3.431820575,0,3,914555.75,1
1095,1,2,1974,1.448516522,1,10,214492.4,0
1228,4,2,1959,3.004052926,2,6,287478.27,0
1865,4,2,1994,4.354220312,0,7,478566.07,0
4992,4,2,1960,4.257796755,1,10,1068538.11,1
1198,1,3,2002,4.673098313,2,1,334276.22,0
895,1,3,2021,2.146486143,1,6,235478.1,0
4671,4,3,2017,1.931223076,1,7,1028282.31,1
4860,5,2,1977,3.872417027,0,6,1060712.83,1
3002,5,2,2014,2.440005823,0,4,690243.75,1
2319,2,2,1998,0.893968988,0,1,501720.68,0
1217,3,3,1996,1.772605088,1,9,314916.53,0
3282,5,2,2001,2.383620285,0,4,752791.63,1
4077,1,1,2003,1.816323915,1,7,848697.29,1
643,5,1,2009,1.994925069,1,7,213397.79,0
3640,2,2,2006,1.821991578,0,2,788471.75,1
4991,2,1,1996,0.686746252,2,1,1023975.13,1
3438,3,1,1980,3.366926154,2,8,738091.55,1
4136,5,3,1995,3.187815892,2,8,926531.81,1
3722,1,2,1975,3.440225743,1,7,781388.94,1
1667,1,2,1954,1.365394532,1,8,302975.3,0
3116,4,3,2001,1.830445437,1,3,696224.09,1
1562,1,1,2003,3.288271671,0,2,370689.55,0
2656,3,1,1982,3.198324058,1,7,559262.32,0
3482,3,2,1999,2.778486392,0,8,775422.12,1
3794,1,1,1987,2.076859625,0,1,783176.64,1
1656,1,3,1976,4.608189521,2,10,392725.2,0
1232,4,3,1964,2.02896609,2,9,297268.4,0
4830,1,2,2010,2.550286204,2,4,1027285.77,1
1453,4,3,1970,3.551512239,0,4,367172.59,0
3039,4,3,1995,2.943596439,0,3,697780.78,1
3824,1,2,2018,2.060986894,0,6,802714.1,1
3801,2,3,1955,2.460401557,1,1,783978.65,1
2042,2,3,1987,4.07516368,0,6,475471.18,0
1691,4,3,2011,1.7515812,2,2,427302.04,0
3493,1,1,2011,1.140148579,2,9,724420.51,1
3181,2,2,1995,1.909234408,0,2,690319.89,1
1717,1,2,1962,4.32290397,0,7,383644.18,0
2040,1,2,1952,0.900453717,2,1,379109.09,0
3736,1,1,1955,4.96263233,0,7,758293.38,1
2886,5,1,1957,2.934513045,2,5,619360.97,1
4219,1,2,1993,4.931805848,1,8,923122.11,1
1888,5,1,1982,4.725483899,2,4,477884.32,0
2356,4,2,1999,2.537661714,1,10,558796.25,0
1865,2,1,1960,1.393209836,0,7,366797.34,0
999,2,3,1977,1.241981495,0,6,226125.41,0
2180,2,3,2019,1.579952137,1,5,507967.84,0
1010,2,2,1990,3.695596883,0,4,246540.97,0
4812,2,1,1965,1.728274976,1,7,961367.14,1
1824,2,1,2017,2.036413713,0,5,427947.1,0
1655,2,3,1997,2.519504618,2,5,396277.34,0
2327,4,3,2005,4.609547062,0,1,585574.11,0
3641,1,1,2013,1.35227038,2,2,763296.57,1
3986,3,1,2008,0.522619487,2,5,827741.17,1
2310,5,1,2011,0.770433847,1,3,523323.07,0
3423,3,1,1960,4.571448538,0,2,731262.2,1
2714,3,1,1967,3.413824092,1,4,574450.48,0
4686,1,1,1968,1.728682787,0,4,923773.13,1
1213,1,2,2004,1.297366255,2,4,269665.86,0
4102,1,1,1975,1.824200315,2,4,838955.45,1
4634,2,3,1955,1.016586173,0,3,915104.24,1
4022,4,2,1953,4.736898096,0,7,875981.03,1
4768,2,1,1978,4.028927785,1,9,1017321.4,1
1743,4,3,2008,2.580760296,0,5,435500.94,0
4209,4,2,1966,4.392331723,0,4,896600.49,1
1581,3,3,1992,1.622561919,0,2,342679.45,0
955,3,1,2015,3.727042558,1,2,267185.27,0
1394,4,1,1983,4.352596246,0,5,338350.6,0
1884,4,1,1957,2.105459202,2,7,414166.58,0
2458,2,1,1962,3.908590005,1,10,523387.1,0
3572,2,2,1957,1.827825572,1,10,720713.43,1
2496,3,2,2014,1.844857109,2,9,551668.65,0
4785,1,3,1992,0.981757303,2,7,972746.7,1
1004,4,1,1988,2.480261209,2,5,269874.72,0
1714,2,3,2008,3.783703579,0,10,431423.29,0
2031,3,2,1993,4.730993625,2,10,501692.85,0
3940,2,1,1958,3.217086464,0,10,804904.72,1
1323,4,1,1986,4.38410992,1,6,362719.63,0
1428,4,2,1985,4.201225922,1,3,369407.96,0
633,5,2,1977,1.280043738,2,5,176494.35,0
2605,1,2,1991,2.68617843,0,8,557218.65,0
4127,5,2,1992,1.02615591,2,1,909713.44,1
2352,3,2,1991,3.569689227,2,1,526951.78,0
4675,2,1,2015,4.774548507,0,7,1033450.46,1
3433,3,2,2004,1.116902561,2,5,739205.52,1
3784,4,1,2021,3.802474089,1,5,870504.83,1
4798,5,1,1997,3.345071679,2,1,1045202.35,1
3311,5,2,1971,3.126222667,0,9,722603.69,1
1750,5,2,1976,2.255541056,0,1,409947.22,0
4012,3,1,2016,2.098092415,1,5,901000.49,1
1756,4,2,1962,0.703621351,0,10,364834.68,0
3876,2,2,1994,1.480589187,0,9,795928.18,1
3986,2,2,1959,0.56829597,1,4,778486.84,1
4084,3,3,1958,3.116376975,2,8,858011.51,1
1896,5,1,2003,0.976339561,1,6,418888.66,0
4137,1,3,1976,4.428587273,2,3,887527.91,1
3830,3,2,1983,2.854143593,1,4,827140.44,1
3203,3,3,1950,3.648604591,2,2,673586.75,1
970,4,2,1981,2.348856913,1,1,258717.68,0
1853,2,3,2020,3.022609141,2,8,471816.89,0
3283,3,2,2016,4.741966296,1,1,764387.16,1
3331,3,3,1969,0.872303178,2,1,687869.25,1
857,5,3,1984,1.642719974,1,4,252024.02,0
3519,5,3,1966,4.009947471,0,10,788284.69,1
1167,1,1,1967,0.944317431,2,10,219652.6,0
4968,4,3,1994,0.840474968,1,6,1043830.29,1
1645,1,1,2002,2.126936294,2,9,368670.14,0
4685,5,2,2017,0.914755813,2,1,1015603.7,1
4219,2,3,2014,3.13285299,1,7,909745.3,1
3245,5,2,1950,1.518238629,2,10,695195.36,1
1039,4,2,2007,4.530640834,1,5,322312.86,0
3279,5,3,1975,4.025750364,0,8,746167.73,1
4636,4,1,1969,3.648673427,2,7,985351.02,1
4275,4,3,1959,3.276248123,0,4,896792.55,1
3008,4,2,2008,4.385595787,2,4,716524.69,1
3279,4,2,1990,1.503779277,2,6,695362.74,1
1424,4,3,1954,4.428989792,2,6,379005.71,0
3456,2,1,2014,4.052715343,1,9,763645.61,1
2081,1,1,1966,3.866723719,0,5,424881.19,0
3824,3,2,1971,3.025650551,2,8,809782.17,1
4985,1,2,1990,1.608098724,1,5,1032002.24,1
755,4,1,2017,2.405965622,2,2,239234.57,0
2338,2,3,2018,4.071067945,1,6,560304.66,0
2444,5,2,1960,0.64300318,2,9,523988.43,0
509,2,1,2005,4.019228462,0,3,179398.43,0
3371,4,2,2000,1.580318332,0,1,736289.12,1
1297,2,3,1970,1.149391403,2,1,284798.21,0
1515,2,1,1975,1.020655932,1,3,327253.46,0
2324,4,2,1968,0.622625054,2,10,506990.32,0
4969,2,3,2009,2.856139183,1,5,1064774.93,1
3636,3,2,2020,1.482169427,2,3,818671.39,1
2693,3,3,1996,4.952442946,1,9,648718.33,1
723,2,3,2020,3.084965401,0,8,236865.44,0
4658,5,1,1975,1.120483712,2,3,951484.55,1
4425,4,3,1989,3.599431434,0,9,967287.61,1
4500,3,2,1954,4.539846049,0,6,936969.45,1
2133,5,3,1970,3.853307729,2,7,523680.2,0
2652,2,3,1953,0.843979375,2,4,537770.5,0
1010,5,1,1972,4.531478815,1,4,261227.32,0
884,1,3,1964,4.072682236,1,2,217669.88,0
904,3,3,1957,1.21236755,0,5,198204.13,0
2500,2,2,1990,0.733036499,1,8,517128.76,0
3256,4,1,1968,3.007897589,1,7,701609.1,1
2168,2,1,1995,1.202161151,2,7,465144.07,0
1960,4,1,1977,4.255659287,1,6,466251.49,0
4136,2,3,2017,2.112505955,0,3,894174.44,1
3224,5,1,1964,4.608016001,1,5,705754.43,1
4678,5,3,1986,3.045596775,0,1,1007068.65,1
2548,5,3,1950,1.322025729,2,7,547523.91,0
4646,1,2,2016,1.128194903,0,9,965317.51,1
1216,4,2,1973,3.094125969,1,1,299226.77,0
2323,5,2,1976,3.928476253,2,2,548288.24,0
2581,1,2,1989,4.016775415,1,3,570399.74,0
3919,4,2,2012,1.74090832,2,3,875382.74,1
2074,2,3,2010,1.419110415,2,8,473734.22,0
749,1,3,1985,0.57540337,1,7,146020.4,0
1173,3,1,1973,3.55639618,1,6,288382.46,0
2665,1,3,1973,0.844557163,2,10,537619.59,0
1270,1,3,1953,2.393425408,2,10,264215.34,0
4462,4,2,2016,3.207569738,1,4,1010589.33,1
4863,2,3,1983,4.716990252,0,9,1047149.25,1
2484,3,2,2006,1.903109616,1,1,562238.48,0
1577,5,1,1998,1.623974731,2,2,370970.39,0
735,5,1,2002,3.443720694,1,4,238459.12,0
888,1,3,1972,3.286575644,0,3,215993.9,0
3537,4,1,2018,1.994494025,1,1,769763.67,1
2348,4,3,2002,4.67645826,2,5,594755.32,0
3314,5,1,2011,4.301880474,1,7,779336.12,1
3874,3,2,1990,1.507921456,2,2,820831.7,1
3778,2,2,2006,1.576141454,2,5,818613.71,1
1752,3,2,2009,2.805351561,1,6,432824.66,0
4481,2,2,2003,3.981074458,2,7,996696.84,1
2622,5,3,2019,0.698181707,2,1,604936.83,0
2650,2,1,2006,3.620008192,0,7,596659.37,0
1829,4,3,1959,3.417061538,0,4,417900.59,0
1858,1,2,1989,1.541660432,0,8,376032.36,0
2982,1,3,1956,3.56608856,0,4,626454.28,1
2517,5,1,1987,4.730824361,2,6,629609.1,1
1831,4,3,2010,0.710536302,1,9,432687.98,0
4844,3,1,1952,1.938434249,2,5,979926.72,1
4761,4,3,2000,2.471795225,2,4,1041122.11,1
1858,1,1,1996,4.546671615,2,8,433664.23,0
3677,1,1,2017,4.83017651,1,9,806645.04,1
2628,4,2,1987,2.498518609,0,4,576020.04,0
2680,4,1,1985,3.875127855,2,3,600207.33,0
637,1,2,1990,2.892474607,2,8,190828.14,0
3972,3,2,2018,2.920023206,0,5,878049.25,1
3332,5,2,1962,1.751447818,2,2,704212.52,1
4079,5,3,2007,1.476303106,1,10,909836.08,1
3531,4,3,1999,1.796024057,2,9,771922.85,1
4664,5,3,1979,3.003476033,2,3,1010183.5,1
3093,1,3,2011,0.631198337,0,2,650748.7,1
4800,1,1,1974,4.58262025,2,1,1018026.99,1
4318,4,1,1976,1.203276693,2,8,897666,1
4638,4,3,2000,1.490399046,1,3,998439.24,1
4323,4,1,2006,2.832242794,0,7,938864.82,1
4542,3,1,1996,3.695516449,0,1,978835.11,1
2406,5,2,1988,0.930780746,1,1,533178.24,0
1260,4,2,1965,1.929626139,2,9,278644.67,0
3945,2,2,1971,4.859035725,0,8,846346.33,1
1399,2,2,2003,1.680543351,0,3,310271.26,0
4955,1,1,1970,1.908725653,2,6,995441.71,1
3447,5,3,2021,4.264243208,2,3,830557.17,1
2219,4,1,1965,0.725964943,0,4,470083.29,0
780,2,1,2008,2.59075926,2,1,217462.45,0
3766,5,1,1980,2.20827544,0,5,787281.74,1
2387,1,2,1991,1.92464042,2,1,508927.8,0
3766,3,2,1981,1.785648173,2,1,799178.31,1
1166,5,2,2008,0.911183472,1,10,319601.39,0
4688,5,3,1983,1.916716232,2,7,1004456.22,1
1171,3,1,1958,0.693735812,1,6,206781.76,0
2469,5,3,1960,4.014337386,2,2,583183.43,0
4656,1,2,1959,2.292025073,0,2,913774.39,1
3622,1,3,1966,2.497567245,0,7,734501.95,1
4400,3,1,2017,4.521175639,2,1,987241.43,1
1023,4,1,1997,3.461247427,2,2,287822.38,0
2893,2,2,2001,0.536265965,0,8,607535.63,0
3617,4,2,1974,4.744286703,2,6,804727.96,1
3093,5,3,1970,1.567150097,1,2,665369.96,1
2468,2,2,2014,0.984263831,1,7,540221.25,0
2253,3,2,2012,3.956576803,1,4,551444.63,0
2796,3,1,2000,2.752147921,1,2,621460.49,1
2761,2,2,1985,2.451967547,1,6,596339.57,0
2786,1,2,2015,1.622763859,2,9,617979.85,0
4702,2,1,1964,2.963621704,2,9,967780.67,1
3378,5,1,1988,1.734730723,1,8,734156.82,1
4643,1,3,2019,4.557123524,2,3,1021134.62,1
4144,3,2,1950,1.468420159,2,3,834328.58,1
4932,2,1,1972,4.479598177,1,2,1040389.05,1
2555,4,3,1988,3.017324416,2,5,602549.28,0
1776,4,3,2006,4.228196603,2,4,468699.44,0
3266,5,2,1983,3.707806981,2,7,738226.71,1
802,4,2,1990,3.635128001,1,4,237185.91,0
1138,2,3,2022,1.959556135,2,9,315357.48,0
555,2,1,1962,1.552536192,0,2,111626.85,0
1025,4,3,2019,1.448988025,0,6,282660.22,0
4623,2,2,1955,4.357362457,1,7,972040.06,1
2625,5,1,2001,4.191920691,0,4,625113.61,1
3787,1,1,1952,2.482580876,1,6,745395.86,1
864,5,3,2012,1.095820761,0,7,250123.47,0
2146,5,2,1998,2.220135134,0,4,510968.14,0
1418,2,3,1996,3.287045544,0,8,353161.46,0
3297,1,3,2004,2.544814195,1,9,740330.47,1
2031,2,3,2013,4.010851708,1,1,496840.53,0
3845,3,1,2014,4.9893027,2,7,888020.56,1
2406,2,1,2016,1.360094398,1,9,522309.41,0
3586,2,2,1964,2.568428688,0,10,724033.56,1
2575,2,2,1981,2.439427559,0,5,545482.74,0
1213,1,3,2017,1.870216397,1,2,305026.77,0
1562,2,3,1967,1.391429825,1,10,355453.18,0
2476,1,3,1992,0.795614524,1,6,513292.76,0
1796,4,2,1984,4.492036928,2,7,442278.77,0
625,3,1,2007,2.38931914,0,2,185569.89,0
4096,1,1,1982,2.736029833,2,2,826494.05,1
3783,4,3,1963,4.626239217,2,10,839074.02,1
2103,1,3,1983,3.993307149,0,10,474659.86,0
566,1,3,2010,1.087255689,0,1,158454.84,0
732,3,3,1953,3.044389854,1,4,190802.07,0
2656,5,2,2008,2.490135244,1,7,619516.33,1
1669,5,1,1978,4.087449827,2,9,416605.61,0
2658,1,3,1955,3.759046464,1,3,551324.49,0
4706,2,2,1998,3.606825749,1,7,1000021.76,1
1993,4,3,1989,2.03245176,0,7,462185.72,0
4507,2,3,2014,4.122336787,0,7,985499.2,1
2972,2,1,2018,0.73576083,1,2,629290.14,1
3160,1,3,1976,1.218312056,0,6,627322.94,1
3239,1,1,1955,2.010304728,1,2,638451.4,1
2261,1,1,1962,0.845633485,0,6,439898.8,0
4014,1,1,2013,1.557474249,0,10,821146.23,1
2475,5,2,2011,4.235679423,0,3,594005.01,0
2862,1,2,1968,4.76713192,0,2,613658.11,0
1376,5,1,1992,1.870710601,1,6,335417.64,0
4312,5,3,1969,1.690321118,2,2,919941.41,1
3948,1,1,2017,1.759516935,0,5,823529.55,1
1812,3,3,1993,1.749735893,1,2,415639.65,0
1960,4,1,1972,0.66168582,1,3,407600.39,0
3209,2,3,1951,4.671123558,0,3,694271.16,1
2824,5,2,1971,1.461641637,2,6,591174.14,0
2233,4,3,2006,2.390018333,0,6,525760.88,0
2105,3,1,2021,0.543590972,1,10,472291.95,0
3063,2,2,1956,4.360797909,2,3,647832.21,1
3921,2,3,2005,3.79020805,1,3,889364.82,1
4017,5,3,2016,4.760402158,0,1,935451.93,1
2897,1,3,1965,4.017269656,2,7,625246.12,1
4235,3,3,2000,1.911679304,1,8,917235.41,1
3370,5,3,2021,1.615430114,1,2,769318.6,1
1660,3,2,1961,3.639723384,1,4,357130.12,0
742,1,2,2002,2.138507488,0,10,181191.07,0
3090,1,2,1954,3.047967571,2,7,641013.92,1
1563,5,2,1976,0.52815862,0,8,336153.43,0
4824,1,1,1961,0.778485658,0,1,924012.94,1
3095,4,2,1966,2.909155735,0,4,670894.06,1
1419,2,3,1955,3.047322409,2,6,312202.09,0
505,5,3,1954,3.88153825,0,3,159121.47,0
967,3,2,2006,1.093843938,0,5,240302.22,0
4670,4,3,1977,2.809323877,0,10,1001847.36,1
503,5,2,2018,1.3750144,0,9,206042.35,0
1145,1,3,2008,0.919382538,1,3,275063.1,0
617,1,1,1982,2.347231073,0,5,147206.87,0
3428,1,1,2011,1.235014916,1,8,710065.56,1
3051,1,2,1999,1.498018902,0,6,624411.6,1
4789,3,2,1968,1.928995609,2,4,988358.25,1
1346,4,2,2018,1.667247803,1,8,351280.42,0
3262,2,3,2015,0.894160838,1,3,696027.29,1
1641,3,2,1996,0.904623102,1,3,364016.4,0
2310,3,1,1988,1.369622369,1,4,494537.51,0
1223,2,3,2017,0.727516346,2,9,307116.68,0
724,2,2,1982,3.319056589,0,5,194628.73,0
4708,1,3,1962,1.792970224,1,8,949404.2,1
2548,3,3,2003,1.758856855,2,6,574912.77,0
4915,5,2,1956,1.993992324,1,3,1011770.88,1
2073,2,3,1963,3.482583234,0,8,438849.23,0
2328,2,1,1968,4.417852467,1,9,527715.54,0
2417,4,1,2003,3.915891197,2,8,580272.87,0
4734,5,3,1969,3.773881536,0,4,1021159.69,1
2526,5,2,1978,2.679760335,2,6,567108.48,0
4244,2,3,1973,3.622125006,0,1,926488.45,1
1401,1,1,2012,2.987430656,0,4,321278.18,0
2539,4,3,2006,1.473127377,0,8,572608.43,0
509,5,3,1957,1.438647655,1,1,140538.08,0
760,2,1,2011,1.833764031,2,3,211508.59,0
2173,5,3,1978,4.598612019,2,1,552158.5,0
2719,4,3,1966,2.963366782,2,9,623326.59,1
2560,4,2,2015,3.802574197,0,2,622100.19,1
4213,3,2,1955,2.059514419,1,9,845932.41,1
2119,2,1,2007,2.334720968,0,4,468251.36,0
820,4,1,2018,1.065045104,2,2,236054,0
1842,3,1,1977,1.27082731,1,4,405144.67,0
2876,3,2,2011,4.223104497,1,10,663568.51,1
3332,5,1,1990,3.131773843,1,6,755402.37,1
3324,5,1,2018,2.018896096,2,7,759882.59,1
2494,3,1,1990,4.11283044,1,3,578870.76,0
3458,5,2,1998,1.609339575,1,3,760720.15,1
2538,4,3,1998,4.892147144,0,10,611557.88,0
3990,1,1,2020,2.051679235,0,8,851283.92,1
4177,4,3,1952,2.017899294,1,5,870212.8,1
1618,3,1,1959,1.903603575,1,4,340874.62,0
2104,3,3,1984,1.049501822,0,7,451409.48,0
4527,4,2,1951,1.000117163,0,7,898403.54,1
735,5,2,1973,3.416472655,0,9,198659.22,0
2469,5,1,1987,4.438031201,2,9,600564.2,0
4929,3,3,1971,4.057342296,2,5,1062899.03,1
2408,2,2,1975,1.134984173,0,8,476966.94,0
875,5,1,1992,2.955119548,1,10,245941.06,0
4030,4,1,2004,0.975161957,0,1,844959.84,1
3135,5,2,1988,0.703825896,2,9,663727.54,1
2070,4,2,1978,3.453736367,1,8,473629.22,0
3060,3,1,1969,2.908185502,2,6,638284.48,1
3891,5,3,1990,0.869106583,1,3,833111.81,1
3465,4,3,2003,0.657226609,2,3,749471.42,1
4143,3,3,1969,4.95390386,1,8,891638.51,1
4350,2,1,1968,0.635095995,1,5,877752.34,1
1372,4,2,2015,2.500377139,1,10,377431.06,0
1752,2,1,1979,2.770785611,1,7,373171.59,0
1814,2,2,2002,1.027760665,2,5,405940.62,0
3398,1,3,1983,1.260778003,2,8,706686.32,1
577,5,3,1971,2.083122529,1,10,185557.7,0
3121,4,2,2016,3.927541443,1,10,728927.07,1
4727,2,2,1955,2.781870908,2,4,976049.13,1
1100,1,1,1976,3.370558435,1,2,241079.32,0
1565,3,3,1959,4.933285498,1,3,368640.66,0
2636,4,1,2022,3.956024459,1,8,645781.73,1
2949,2,1,1997,2.454626742,0,7,641526.99,1
2843,5,1,2019,2.508988648,1,2,691113.92,1
2363,1,3,2008,3.284474347,0,6,528869.86,0
1818,2,1,2008,3.494143438,1,9,441001.35,0
4097,5,1,1951,2.753199166,2,4,852599.98,1
4262,2,1,1978,3.401875503,0,9,894261.72,1
2690,4,1,2017,0.605896225,0,2,574383.55,0
1492,4,1,2014,2.433302888,1,2,366271.85,0
3212,4,1,1975,1.755221342,1,9,665969.57,1
2692,1,3,1959,1.081285004,0,7,525408.92,0
1748,4,1,2002,0.947959308,2,7,394408.58,0
3554,5,2,2008,3.214364745,2,1,826606.01,1
4533,2,1,1971,2.856202462,1,6,940711.98,1
2497,3,1,2000,1.641128526,2,7,555012.7,0
4187,5,3,1997,2.619275264,2,6,950877.01,1
2651,5,3,1970,2.715045418,1,6,601083.95,0
4518,4,2,1971,1.377540412,2,2,926094.14,1
3610,1,2,1979,3.434418778,1,6,774150.05,1
2470,2,3,1974,4.014137104,0,4,543160.49,0
697,1,3,1977,4.061585934,1,9,202427.97,0
3126,2,1,2014,3.211114238,0,1,708104.06,1
1702,2,3,1994,2.802373621,0,8,402002.48,0
2535,1,2,2017,0.774532144,2,5,533656.39,0
977,5,1,1956,1.795240845,2,1,214146.49,0
1754,2,2,1998,0.919721511,2,4,398823.27,0
1422,1,1,1958,4.837204224,1,1,313266.84,0
919,2,3,1985,1.107860658,2,6,217213.65,0
2704,3,2,1950,1.182989344,0,2,539133.08,0
3097,5,1,1959,4.503094782,2,5,697909.65,1
1620,4,1,1985,4.747677276,2,7,418003.16,0
3568,2,3,2022,3.946230677,1,2,818706.78,1
1450,3,3,1995,0.524322157,1,6,325738.15,0
2836,4,3,1981,0.506058219,0,6,605369.86,0
2743,4,2,1981,2.201453464,1,5,606157.5,0
3145,2,1,1955,1.145279165,2,5,613606.19,0
2357,1,3,1997,0.58273764,1,3,503962.19,0
2365,2,2,1987,2.588300102,0,10,510534.16,0
3412,3,2,1966,4.743778538,2,10,744040.06,1
3353,4,2,1976,1.957188087,0,2,701368.11,1
3728,2,3,2003,3.475133053,1,7,816939.59,1
4219,1,3,1999,3.435059089,1,1,907601.79,1
3728,2,1,1984,1.629860466,0,6,771385.15,1
2871,5,1,1974,3.42691362,2,6,636552.75,1
3391,1,3,1977,1.455502884,1,3,694917.3,1
4256,3,2,1964,1.049033361,1,2,852368.61,1
4725,4,2,1953,3.656224785,2,2,993240.28,1
594,2,2,2022,1.010483677,1,9,158856.84,0
3174,1,1,1976,4.986091484,0,5,678385.99,1
2455,5,2,1975,1.325535805,1,7,531945.98,0
1293,1,1,1968,3.173638382,1,5,279607.46,0
2334,5,1,1966,2.351185571,2,7,515300.59,0
2616,3,2,1992,1.068738901,0,4,542247.16,0
4606,4,2,1990,0.625297584,2,8,974421.45,1
3825,3,3,1991,3.30229527,1,10,843637.46,1
3419,2,3,1999,4.130409037,1,10,772740.07,1
3097,1,2,1989,4.289070477,2,7,685644.23,1
3705,5,1,1988,2.672210629,2,10,808905.58,1
1314,5,1,1972,3.998549602,2,5,341956.27,0
845,1,1,2001,3.527812101,0,6,222673.07,0
2849,1,1,1996,3.759145374,1,5,604718.22,0
862,2,1,2012,2.716695523,2,7,234762.82,0
2943,3,3,2018,3.350352831,1,2,690305.82,1
2765,5,2,1992,4.124866611,0,5,652434.71,1
2688,2,3,1997,2.29047879,0,10,601890.29,0
3505,3,1,1983,4.126905054,0,3,753186.17,1
3781,2,1,1989,3.164075793,0,9,792681.52,1
1484,5,1,2010,1.24655461,1,6,360372.98,0
2139,1,1,1999,0.611078708,0,10,422950.9,0
1327,1,2,2016,2.132391202,0,3,312914,0
3230,3,1,2011,2.960133477,2,7,734110.02,1
4031,4,2,2007,4.279191585,0,4,899849.52,1
4951,3,1,1982,1.073685561,2,3,1017583.43,1
3435,4,2,1965,4.100928565,0,8,729494.91,1
4376,2,3,1997,4.383540707,0,4,953339.73,1
626,2,1,1959,1.178093692,2,1,113576.51,0
3677,5,2,1987,4.332174437,0,6,847131.21,1
3556,4,3,1968,4.961541055,1,10,796875.09,1
1103,5,1,1985,3.77077474,1,1,280149.19,0
3949,1,1,2008,4.031463568,0,5,833283.06,1
4646,4,1,2012,4.974868704,1,7,1046163.33,1
4033,3,2,1995,3.224665627,2,6,889107.69,1
3867,1,2,1952,1.885488719,0,2,760436.89,1
3868,1,3,2014,4.268888753,0,4,864309.03,1
4297,3,2,1957,3.265185999,2,2,910000.39,1
2292,1,2,2000,3.115379407,2,1,512734.78,0
3361,4,1,2022,1.64136,2,3,762769.51,1
3976,5,1,1955,3.903504213,0,3,827432.41,1
3917,1,1,1988,0.867502741,2,7,780363.06,1
2145,4,1,2009,4.659291819,2,1,524818.96,0
1705,2,1,1977,1.966205573,1,9,354744.63,0
3530,4,1,2003,1.074985938,1,6,754662.18,1
3372,5,1,1986,2.490649399,0,4,733900.76,1
3572,4,3,1958,0.691114592,1,3,729385.55,1
2354,3,3,2005,3.580817874,1,3,556236.73,0
4521,5,3,2008,4.562174797,2,2,1039730.21,1
3208,2,3,1951,4.267683532,2,2,672640.79,1
4002,3,1,2010,1.073162631,1,10,860129.73,1
1832,4,3,2007,1.068220117,1,5,432387.04,0
701,5,1,2009,4.16045517,1,9,246717.97,0
4007,2,3,1989,4.659144236,0,2,897176.57,1
4712,3,2,1985,2.573014234,0,2,976572.75,1
1074,2,3,1986,2.745370026,0,6,251724.68,0
1036,4,3,1967,1.932179186,1,10,238220.48,0
2125,2,1,2012,4.524193032,1,2,514184.18,0
2622,1,3,1971,3.402063074,0,4,561747.26,0
885,3,2,1960,1.797132097,0,6,194353.74,0
3781,2,1,2007,1.84452292,1,5,826587.8,1
974,4,1,2006,4.510400329,2,1,280961.68,0
917,4,3,1953,0.561353108,0,6,191907.65,0
4100,2,1,1956,1.952269577,1,1,809712.74,1
1454,4,1,2010,2.994605065,1,3,369854.92,0
1705,5,1,2003,1.166978579,2,10,400306.96,0
4620,5,1,2017,0.914444394,1,5,985628.97,1
2490,5,1,1950,4.16874349,1,10,567376.4,0
4072,1,1,2004,4.524819749,0,5,889695.27,1
4880,2,2,1952,4.206228894,0,10,1004325.39,1
4658,1,3,1987,4.544545504,2,6,1021278.34,1
3213,4,2,1950,2.98900387,2,10,665309.77,1
2703,1,1,1987,4.155161544,1,8,576620.37,0
3620,4,1,1978,2.228191873,0,5,738643.2,1
1466,4,3,1954,3.498205377,2,1,343678.94,0
3932,3,2,1970,4.949759891,2,5,865263.38,1
1188,5,3,2020,1.515774757,2,3,342365.21,0
4743,4,2,2016,2.254548858,1,4,1037911.65,1
4201,3,1,1996,2.660213198,0,8,876992.63,1
841,5,3,1984,1.121069692,2,7,238047.59,0
2224,4,3,2017,0.864673747,0,5,518166.38,0
4922,4,1,2018,4.233752898,2,2,1108236.84,1
2292,1,3,1950,4.895574678,2,6,483906,0
2259,1,2,2017,2.321262787,0,6,509733.85,0
3712,5,2,1961,0.894424263,0,10,747938.71,1
1489,4,2,2009,0.796152923,0,10,347769.06,0
2762,2,2,1976,4.510931929,1,6,619407.63,1
2982,1,1,2005,2.587164124,2,9,646118.4,1
1451,5,3,1972,1.940122925,1,8,338786.44,0
1222,4,2,1974,2.644075721,0,8,291123.87,0
3889,4,1,1970,1.932368426,2,1,796470.17,1
2579,2,3,2010,2.700660989,1,5,603812.59,0
3217,5,3,2012,4.368003786,2,7,779867.22,1
2832,4,1,2001,3.16535617,1,6,656065.84,1
3876,1,1,1974,3.625941978,0,5,793323.81,1
2000,2,2,2004,2.141018043,1,8,448879.51,0
785,5,3,1995,3.823276453,2,3,262707.28,0
3995,2,3,1981,3.499776882,2,6,872258.39,1
2565,1,1,2004,1.03802899,2,5,530476.12,0
1268,5,3,1954,3.076892839,2,8,321199.35,0
3557,2,2,1985,1.655345733,0,4,730405.66,1
4789,3,3,1998,4.118430513,1,8,1033816.82,1
2661,1,1,2007,2.416719688,0,10,564747.65,0
3793,1,1,1988,4.976078743,0,2,804450.1,1
1446,1,2,2010,0.916251971,0,9,316282.81,0
3835,3,2,1958,4.011565382,2,9,806269.4,1
4650,3,3,1955,3.531657801,2,10,988234.62,1
1981,4,3,1984,3.953744738,2,10,489595.41,0
2401,2,1,1988,1.88388408,1,6,504682.3,0
3951,4,2,1971,2.714245202,2,4,851472.6,1
4564,2,2,1990,4.084288339,1,4,991703.39,1
554,3,2,1954,1.546435992,2,6,120795.55,0
2323,3,3,1991,1.517149386,2,5,511645.24,0
3962,4,2,2016,2.97972929,0,6,868356.24,1
3579,5,1,1979,2.856036108,0,7,765780.04,1
1332,4,1,2006,1.770181117,0,7,317780.59,0
4908,2,3,2022,1.841340427,1,9,1058290.68,1
3306,4,3,1978,1.750303234,1,8,708003.08,1
2990,1,2,1986,3.971804279,2,6,663456.39,1
827,2,3,1962,3.433553895,1,6,198773.48,0
3810,2,1,1981,4.245877325,2,5,821117.75,1
3800,5,2,1995,4.889628627,1,1,888184.3,1
4175,3,1,1972,2.633739333,1,9,869924.34,1
3554,2,2,1994,0.800122466,1,9,734201.46,1
2643,3,3,1966,0.716415397,0,9,530326.79,0
1811,4,2,2015,1.830492677,1,8,436325.08,0
3691,1,2,1955,4.696450652,0,10,758140.63,1
3038,5,1,1967,2.854458747,0,3,647006.81,1
4483,3,1,1971,1.723039322,1,1,921002.25,1
664,2,2,1982,2.296250575,2,8,170024.88,0
4777,3,3,1979,3.193677983,2,7,1009807.44,1
1322,2,3,1981,3.438273462,2,5,345655.79,0
1443,3,1,1991,1.192637794,1,10,320689.22,0
4925,2,3,1959,4.896642544,2,7,1034380.2,1
1274,4,1,1985,2.951475021,0,10,304653.64,0
2698,2,3,1983,1.11059743,2,4,571367.83,0
3656,2,2,2022,4.52135864,1,9,856066.3,1
4742,1,1,1977,0.83587294,2,10,931856.97,1
4195,2,1,1960,4.584809449,0,2,882532.55,1
3952,1,2,1988,4.984545453,1,9,875163.05,1
1414,5,1,1996,3.651943096,2,9,372292.6,0
1808,1,3,1968,3.967012495,1,5,402330.05,0
4677,4,3,1964,2.017862764,1,1,965304.85,1
1013,1,1,1977,4.737095837,1,7,248621.83,0
2420,5,3,1973,2.883712847,2,10,560889.79,0
4094,4,1,2021,3.79574801,1,10,933332.72,1
1909,3,2,1958,4.658484722,2,4,453579.11,0
3690,3,1,1996,4.888309892,0,9,814843.69,1
4991,1,2,1982,4.249419605,2,6,1037268.04,1
2055,1,3,2011,1.863578781,0,3,460741.23,0
1304,5,2,1968,4.849463824,2,6,357477.33,0
1779,5,3,2016,3.326537891,1,10,480192.25,0
4077,2,1,1989,4.687891144,2,6,886451.63,1
3401,5,3,1996,3.542472616,1,5,786584.61,1
1887,2,1,2014,1.882575328,0,2,439793.08,0
3261,4,1,1978,2.165110359,2,10,701494,1
3179,1,2,1999,2.977122997,1,10,683723.16,1
2606,4,2,1962,4.055066787,0,2,572024.02,0
4723,5,2,1950,1.930921481,0,7,964865.3,1
3268,4,2,1983,3.108790248,2,2,742599.25,1
